metric,value
auc_roc,0.8831199546016658
auc_pr,0.8557686404185799
ece,0.013909864302107736
